age,salary,credit_score,loan_amount,existing_loans,employment_years,monthly_income,repayment_history,approval_decision
60,153637.77,745,242577.04,1,19.6,12750.97,86,approved
23,28668.09,626,48728.83,0,3.1,2372.75,52,manual_review
65,69301.79,585,141933.69,3,40.0,6034.39,51,approved
56,114759.7,758,337860.19,2,21.6,9582.5,90,approved
29,78781.35,771,260218.1,4,8.3,6622.07,100,approved
22,25110.44,781,40534.93,3,2.2,2140.46,66,approved
44,116593.01,762,412940.6,3,21.9,10174.4,84,approved
34,80830.54,773,274223.62,0,10.7,6867.58,87,approved
43,49219.77,685,95982.4,3,16.5,4067.4,74,approved
34,85799.5,764,257028.51,0,5.4,6951.27,100,approved
33,56393.62,470,101877.8,0,8.9,4700.73,14,manual_review
53,94298.13,754,529334.12,1,12.8,8096.39,78,approved
27,29404.82,725,117645.89,0,6.8,2413.32,81,manual_review
44,165015.21,682,490938.64,1,20.4,14414.31,79,approved
30,183477.29,792,876900.51,4,9.5,15826.34,68,approved
23,71078.45,643,230178.45,1,1.9,5767.57,70,approved
33,68594.83,824,222895.63,1,15.0,5948.37,96,approved
40,173383.71,668,870712.23,0,15.4,14405.22,72,approved
54,55738.99,695,173488.4,3,20.0,4596.0,61,approved
47,165156.81,817,953181.17,3,13.0,13478.99,99,approved
22,42732.34,461,71167.55,1,2.3,3539.12,22,approved
63,126421.92,706,288551.24,1,25.1,10819.6,97,approved
61,116145.71,744,452495.71,4,7.8,9219.41,71,approved
46,117192.4,836,327328.11,2,13.1,9819.12,95,approved
47,63586.95,742,137033.02,3,21.5,5536.91,78,approved
37,37848.39,463,75097.93,1,13.0,3292.88,36,approved
54,53583.56,672,182464.12,1,13.4,4518.1,73,approved
32,169533.17,814,832023.94,3,6.1,13672.06,76,approved
53,171772.43,732,431584.62,3,19.5,14321.89,77,approved
40,48331.38,633,144034.1,0,12.6,4049.24,63,approved
32,26682.14,744,45889.45,2,10.1,2295.08,94,manual_review
28,75135.13,675,188575.93,1,3.2,6434.79,65,approved
49,179620.89,834,546082.99,1,28.5,14575.5,100,approved
53,122108.93,662,312142.11,0,19.0,10602.23,58,approved
22,46817.86,664,121618.51,1,3.4,4053.75,84,approved
49,55397.99,672,137819.59,1,15.3,4514.83,84,manual_review
31,102297.94,762,452513.99,3,10.9,8925.42,69,approved
58,172064.34,754,489036.1,1,24.4,13915.77,47,approved
24,36218.76,820,174962.2,0,5.0,2907.77,95,approved
55,68596.71,700,207054.06,1,19.7,5947.43,82,approved
26,75756.71,312,110474.63,0,4.5,6389.32,16,rejected
32,37817.49,610,66085.69,1,14.0,3276.5,48,approved
22,50149.94,692,147012.54,1,0.7,4008.77,76,approved
43,75398.22,782,196527.95,0,15.2,6008.2,84,approved
36,36279.3,804,98714.04,1,11.9,3033.96,86,approved
57,152486.73,821,484677.29,1,39.0,12233.99,80,approved
43,79032.7,651,113649.06,3,11.9,6293.41,48,approved
32,178963.29,681,502677.19,3,10.9,15165.12,58,approved
40,166331.46,804,457217.55,4,16.0,13869.42,73,approved
23,41197.49,640,74995.8,1,5.0,3522.46,63,approved
56,76260.58,837,177136.72,3,24.2,6545.41,95,approved
39,135500.51,701,411138.09,2,5.4,11067.43,81,manual_review
60,76761.01,771,147594.13,3,12.2,6648.71,90,approved
31,75185.41,627,177313.9,1,6.6,6189.53,33,approved
23,39323.58,727,72801.07,1,3.0,3427.4,76,approved
61,155317.24,657,650144.2,1,25.7,13502.4,67,manual_review
50,78499.63,691,186940.69,2,15.2,6363.31,66,approved
56,66495.82,817,198897.78,2,32.8,5456.51,91,approved
28,29401.94,625,79839.93,1,8.1,2566.68,52,approved
51,109139.14,810,307545.63,0,13.8,8813.61,90,approved
23,40307.13,609,81070.35,2,1.5,3216.34,84,approved
44,45788.42,651,75501.2,2,4.3,3693.04,70,manual_review
25,37664.82,790,182108.92,3,1.8,3020.33,72,approved
33,124697.1,818,575625.25,1,7.5,10766.63,97,approved
44,30373.55,713,134603.6,0,13.9,2469.85,88,approved
39,77602.18,674,202308.52,1,9.3,6405.57,59,approved
48,105167.7,820,198428.67,2,27.7,8661.56,100,approved
47,78483.16,733,370556.46,2,13.0,6685.15,78,approved
41,194852.18,713,497556.97,1,15.1,16195.85,72,approved
56,176932.83,756,342254.06,1,38.0,14877.44,82,approved
33,77262.45,780,292260.35,1,12.2,6663.37,88,approved
44,139419.16,747,266607.15,0,16.7,11886.67,94,approved
60,49822.68,641,53744.27,2,24.8,4085.41,57,manual_review
37,185816.52,767,499868.46,0,15.4,16243.99,84,approved
37,74503.29,589,86276.5,0,9.7,6118.35,67,manual_review
33,176768.77,710,747625.95,3,5.4,15441.24,67,manual_review
31,44145.41,787,160610.27,1,7.5,3726.53,83,approved
39,51155.84,753,164742.45,2,5.4,4145.25,78,approved
49,89073.57,794,217199.17,1,14.9,7597.39,89,approved
58,72330.35,655,233165.21,1,19.0,6024.6,71,approved
54,182816.9,835,844938.35,2,23.3,15748.17,100,approved
64,81348.05,629,84000.79,0,25.2,6952.98,49,approved
55,97302.77,827,355800.48,1,27.0,8483.98,100,approved
25,39163.44,462,64718.2,1,4.8,3213.32,33,approved
32,114038.51,344,175277.97,3,7.1,9473.31,18,manual_review
41,55930.38,807,176351.41,4,11.5,4629.33,80,approved
59,71066.67,729,172159.09,4,18.3,5906.36,65,approved
24,56766.72,848,105003.32,1,4.3,4581.76,100,approved
43,57414.48,670,151628.6,1,7.0,4579.98,72,approved
59,168292.81,807,264874.38,2,27.4,13467.34,100,approved
54,46328.12,615,119335.07,1,15.3,3718.88,57,approved
27,37332.09,757,162639.54,4,7.1,3246.4,81,approved
27,66056.11,744,123160.65,1,5.0,5262.66,93,approved
53,148866.81,811,583742.54,4,17.0,13021.3,90,approved
52,169565.28,825,535035.1,2,28.1,14191.63,92,approved
57,116835.2,793,412541.88,2,36.2,9454.56,94,approved
44,61521.25,421,157208.39,1,8.4,4920.36,36,approved
49,71269.47,723,147287.75,4,14.2,5719.89,45,approved
51,194087.09,694,532896.37,2,18.7,15978.8,60,approved
36,147089.17,667,214904.84,0,17.2,11795.29,68,approved
33,137295.08,768,257976.3,0,9.4,11632.17,89,approved
42,38452.04,729,179488.87,2,9.3,3100.88,100,manual_review
61,190647.95,795,587771.2,2,20.8,16406.59,92,approved
54,185136.65,828,588403.08,3,28.3,15795.93,96,approved
40,70962.99,713,187764.5,2,11.8,5978.53,84,approved
32,71728.51,767,203225.24,3,13.4,5905.52,61,approved
58,66976.57,782,196650.42,3,22.8,5593.23,66,approved
25,59064.91,623,119312.25,0,6.3,4802.36,67,manual_review
34,38622.36,626,88324.19,0,6.5,3285.81,57,approved
22,35529.98,580,100875.59,1,2.3,3001.69,46,manual_review
45,116602.69,821,461882.18,0,9.5,9879.7,87,approved
55,146566.18,691,462021.96,0,16.8,11884.38,77,manual_review
63,198994.44,677,317637.54,1,37.4,16954.89,63,approved
62,135877.14,833,396925.38,2,18.3,10836.12,94,approved
43,138498.65,708,431454.63,0,18.5,12069.72,93,approved
37,31017.06,823,151088.94,0,8.0,2554.39,87,approved
51,75210.82,653,97568.62,2,33.0,6444.33,68,approved
48,65388.97,813,165224.31,3,16.6,5690.14,84,approved
63,146235.34,807,313011.61,3,40.0,11835.29,87,approved
31,100240.34,846,400715.99,2,9.2,8342.55,88,approved
55,120858.86,765,326372.95,2,26.0,9674.41,85,approved
23,40085.07,757,77320.43,0,4.5,3317.15,88,approved
54,155750.24,776,365590.68,1,22.8,13014.28,86,approved
49,105342.02,796,370925.43,0,11.3,8557.79,80,approved
26,34087.55,745,85295.86,0,3.2,2837.29,80,approved
42,100311.68,638,124381.62,3,6.7,8729.48,59,approved
55,80575.64,792,188546.63,5,15.2,6449.87,61,approved
56,83260.06,817,333508.0,1,27.2,6797.17,100,approved
31,53227.49,634,100953.96,2,9.4,4557.44,73,manual_review
34,74922.93,832,325099.17,1,12.6,6011.38,79,manual_review
43,142045.5,668,524854.9,1,16.6,12040.08,65,manual_review
61,105768.38,692,283240.74,0,28.8,9037.19,65,approved
52,61536.66,783,127487.07,0,12.3,5185.46,87,approved
29,25186.63,644,49244.97,0,8.8,2202.11,79,manual_review
48,145278.3,841,716248.94,0,12.1,12509.29,100,approved
27,84853.37,700,246356.17,3,6.3,7228.14,78,approved
41,168191.55,685,507690.77,0,18.3,14300.41,67,manual_review
33,73307.24,770,171977.81,0,10.2,6072.4,90,approved
32,37751.07,682,170361.16,4,5.9,3204.41,71,approved
64,78267.88,705,190300.01,4,24.4,6391.05,73,approved
31,46993.68,845,71506.28,0,8.2,4025.88,100,approved
46,92930.17,689,311703.11,0,15.8,7559.64,67,approved
34,90347.57,773,316429.51,1,7.3,7412.96,81,approved
45,192734.58,698,797428.68,2,25.3,15676.0,75,approved
46,72350.16,797,285500.57,1,13.4,5864.83,100,approved
55,104064.07,842,346418.23,1,26.3,8818.58,98,approved
31,66793.91,784,219806.98,0,2.3,5297.84,87,approved
49,88124.25,702,233140.5,2,22.6,7644.21,68,approved
40,26880.72,647,61754.33,1,7.2,2189.98,60,approved
23,42143.59,813,108422.41,0,4.1,3681.78,83,approved
25,64414.36,644,185745.99,4,3.0,5272.86,68,approved
56,79327.08,827,283394.61,1,27.0,6749.57,94,approved
24,27258.86,500,61103.57,3,3.7,2253.43,42,manual_review
51,157926.35,716,262803.84,2,23.2,12930.36,81,approved
44,109785.93,744,396739.09,1,14.4,9389.58,74,approved
27,67417.63,619,164383.96,3,6.7,5595.86,44,manual_review
47,197906.85,772,678731.63,2,20.5,16703.73,94,approved
35,56889.51,721,239476.43,4,12.0,4526.58,79,approved
56,160764.88,685,459446.47,2,29.3,13381.5,63,approved
40,135988.7,777,292142.93,2,12.7,11436.31,84,approved
43,84353.61,698,155868.84,0,10.5,7304.66,63,approved
50,156589.77,766,501702.96,2,9.0,13015.6,87,approved
54,143956.79,734,377503.99,0,29.4,11872.85,73,approved
34,46794.14,734,196386.33,1,9.7,3768.96,87,approved
47,98166.08,766,274711.35,0,18.2,8073.39,78,approved
60,159301.06,792,272237.04,2,18.8,13406.1,93,approved
23,77800.51,771,300154.07,0,4.3,6450.21,86,approved
45,182244.5,765,533498.67,1,8.2,15449.73,89,approved
49,80586.08,612,151384.22,1,27.9,6398.15,61,approved
22,28089.19,480,29567.16,0,2.5,2372.81,42,approved
33,44440.51,666,80661.42,0,6.2,3715.19,67,approved
36,50201.91,761,187980.48,1,5.6,4131.12,85,approved
38,51165.8,707,116199.64,3,5.7,4375.49,53,approved
65,78227.54,749,140861.81,5,20.2,6573.06,66,approved
43,60805.51,432,251182.2,0,24.8,5088.93,35,approved
32,47309.64,767,198746.18,4,8.7,3758.93,59,approved
32,65451.02,709,206572.63,5,10.2,5653.65,60,approved
53,57475.96,672,256491.35,0,19.6,5015.51,90,manual_review
33,83297.92,578,109977.21,2,7.1,7064.23,59,approved
58,82483.64,840,182415.32,2,29.7,7137.88,100,approved
52,77329.41,803,189814.35,2,19.1,6737.4,85,approved
23,33057.47,600,109081.09,3,3.9,2694.46,32,manual_review
34,49916.83,825,184632.56,2,4.3,4138.67,100,approved
45,67531.56,661,160450.74,1,10.9,5751.81,55,approved
36,80829.07,767,204384.64,4,13.3,6628.23,82,approved
25,80674.89,793,171592.3,4,4.5,6640.43,93,approved
31,106022.83,678,242939.58,3,6.7,8990.83,59,approved
60,134763.85,752,265559.04,1,16.2,11082.87,85,approved
37,70908.53,784,345804.01,1,14.9,5634.83,84,approved
22,56496.38,674,110153.24,1,4.0,4525.13,52,approved
57,115667.65,843,451459.6,1,16.7,9197.17,100,approved
33,25338.95,725,38753.03,1,8.0,2031.38,55,approved
37,186114.34,772,403926.38,2,18.6,16020.98,93,approved
50,64363.08,767,411839.69,4,22.8,5126.44,64,approved
63,145635.5,808,759042.58,3,14.9,12309.62,74,approved
47,45313.66,766,150166.77,4,15.2,3638.04,75,manual_review
39,67434.98,824,169157.23,2,7.1,5843.06,97,approved
62,83057.19,835,222078.82,2,15.2,7254.45,99,approved
47,130448.68,848,486185.29,3,12.6,10754.18,100,approved
65,45361.54,733,100357.32,2,27.3,3677.56,74,approved
58,85050.92,807,290670.56,4,19.5,7434.93,69,approved
47,76501.96,708,170083.98,2,13.5,6285.01,74,approved
32,102040.46,753,341741.71,2,6.1,8445.02,89,approved
28,82858.26,820,272783.0,1,6.3,7098.44,89,approved
60,56809.67,823,126138.48,3,24.7,4542.43,81,approved
44,56601.17,819,178170.27,2,22.4,4738.79,85,approved
60,45058.95,797,204086.77,2,15.3,3651.39,79,manual_review
48,50014.26,738,156807.97,1,10.8,4128.57,66,manual_review
53,194505.51,603,478921.04,0,24.4,16373.4,49,approved
57,136613.57,682,243448.88,3,39.0,10927.08,57,approved
41,193915.43,762,648822.23,3,18.7,15615.1,87,approved
25,35021.76,771,82430.81,1,4.8,2930.37,87,approved
52,162360.84,812,664548.96,2,12.8,13699.03,82,approved
33,57271.06,712,141988.03,2,9.4,4693.39,69,manual_review
26,74339.47,649,246398.59,2,5.1,6371.68,63,approved
26,67219.82,631,86494.06,1,4.7,5436.09,67,approved
45,93852.64,735,323595.6,0,17.3,7662.51,79,approved
27,30421.93,729,70875.12,0,7.2,2648.41,75,approved
43,37549.73,734,86473.82,4,7.8,3142.28,87,approved
31,33671.66,508,56253.25,1,4.9,2922.29,37,manual_review
62,52970.81,836,110356.37,1,30.5,4199.59,87,approved
24,36941.92,695,84761.06,3,2.7,3027.09,69,approved
48,81830.66,771,458285.03,1,13.4,6661.6,86,approved
64,180868.96,771,639134.46,3,18.0,14536.42,81,approved
28,49215.73,764,84525.39,1,6.0,4164.95,77,approved
28,78059.52,725,192471.88,4,3.9,6184.89,66,approved
53,55859.95,691,203202.74,0,25.0,4842.85,83,approved
33,171060.92,776,375598.44,2,9.7,13770.93,87,approved
43,74296.55,806,135517.62,2,4.7,6274.74,97,approved
40,74975.62,798,358225.08,3,10.3,6194.7,77,approved
22,37112.76,610,59814.98,2,2.8,2982.27,78,approved
38,162423.34,792,885666.48,2,6.2,13158.86,87,approved
43,76662.33,682,174634.1,3,14.7,6615.3,76,approved
53,64170.4,646,195058.88,1,21.4,5533.59,55,manual_review
61,168114.84,781,538192.72,1,22.5,13320.81,81,approved
36,36620.3,707,107115.52,1,13.2,3058.12,80,approved
49,189446.28,829,629215.72,3,19.5,16030.52,85,approved
29,28707.46,729,107302.32,2,8.7,2480.48,76,approved
53,158227.6,811,526020.03,3,31.9,13223.51,64,approved
27,75946.5,748,185948.51,1,7.8,6149.91,85,approved
27,39724.58,716,187918.36,2,3.0,3176.09,72,approved
37,50203.23,400,83250.62,1,6.9,4302.31,31,approved
36,132703.74,763,505047.14,2,10.1,10582.38,84,approved
44,191851.04,771,1142592.96,5,25.3,15526.56,72,approved
32,97657.28,831,450603.36,2,7.2,7775.46,100,approved
22,39102.78,716,65716.6,0,2.9,3368.5,84,approved
41,61075.49,630,137809.08,3,14.0,4976.13,56,approved
41,186535.2,752,435442.22,3,11.7,16108.86,78,approved
29,32919.23,731,102137.04,2,5.8,2690.06,69,manual_review
53,50891.02,837,137058.85,1,20.7,4439.29,87,approved
31,47502.59,652,137142.65,1,5.8,3818.78,51,approved
53,64139.84,757,159992.52,0,19.9,5244.34,82,approved
63,58882.49,798,102415.31,0,17.1,4987.45,76,approved
34,64702.76,727,155236.63,3,8.5,5317.17,69,approved
38,65515.88,820,225520.57,4,12.2,5716.39,100,approved
24,41514.22,662,81764.42,1,3.3,3622.09,58,approved
52,87902.29,705,338867.59,2,7.8,7341.27,81,approved
38,34166.47,588,30138.66,3,9.9,2843.26,45,approved
46,143986.05,846,560011.18,2,21.6,11849.82,100,approved
40,81424.23,769,329938.84,0,11.4,6480.18,69,approved
36,106751.0,834,220870.18,0,16.3,8994.46,95,approved
42,82165.79,674,233115.35,3,7.5,6517.91,65,approved
49,56826.18,775,260715.06,1,29.1,4738.51,97,approved
57,198862.52,760,567826.69,1,38.6,15874.1,90,approved
65,116389.25,766,208583.35,0,20.0,10099.9,78,approved
40,179001.9,802,674495.73,1,17.0,14181.24,88,approved
22,69151.88,841,181921.17,1,3.7,5574.42,94,approved
46,49663.32,793,249231.32,2,13.2,4074.03,100,manual_review
31,36537.15,678,66648.39,0,9.0,3191.08,73,approved
49,79924.35,784,222813.65,1,17.3,6701.16,81,approved
55,69558.81,709,244434.04,3,19.1,5714.96,84,approved
47,78383.64,732,161661.48,0,23.4,6574.88,71,approved
56,192767.53,754,700058.2,2,21.7,16311.6,74,approved
36,82539.29,744,264414.4,2,8.1,6778.31,65,approved
64,146141.02,756,543270.91,1,23.5,11833.72,88,approved
53,149059.66,704,403037.88,4,17.2,12709.18,82,approved
56,76238.55,700,112609.12,2,20.7,6603.27,66,approved
27,41884.25,705,76496.91,2,4.7,3423.5,72,approved
62,135665.96,696,502002.52,1,27.6,11440.42,68,approved
30,37455.07,607,40785.06,1,3.9,3135.76,59,approved
51,54352.51,532,118307.85,0,26.7,4744.38,58,approved
39,169083.09,839,691753.79,1,12.2,13827.77,100,approved
29,26011.46,654,69414.87,0,6.1,2233.87,72,approved
33,56189.84,715,210772.89,3,6.3,4856.04,61,approved
50,61338.22,743,199719.33,1,16.3,4873.67,73,approved
57,49445.49,791,130907.9,0,20.9,4240.16,93,approved
43,44851.64,667,174083.86,2,9.0,3916.03,75,manual_review
31,58211.39,728,222297.98,4,3.1,4706.16,78,approved
45,48730.86,806,208232.92,3,12.3,3919.49,78,approved
31,54333.31,784,138536.07,0,6.9,4400.42,85,approved
23,37454.65,789,159944.74,3,2.0,3115.82,78,manual_review
58,149850.75,744,391289.61,2,34.1,11975.42,85,approved
57,154630.34,789,357155.98,2,30.3,13033.39,95,approved
35,46698.8,793,127671.93,0,12.0,4022.81,88,approved
48,98595.14,643,123900.53,0,27.2,8098.44,55,approved
30,77490.32,715,167016.43,1,8.5,6773.19,74,approved
47,121604.97,790,411013.26,2,6.0,10227.28,85,approved
41,79914.38,720,109040.07,0,9.2,6738.89,86,approved
40,56290.5,689,243311.68,2,14.4,4818.24,55,approved
40,55092.48,712,172566.02,3,12.4,4773.73,54,manual_review
33,31315.46,513,80170.64,0,11.1,2662.36,36,manual_review
44,57719.3,693,69967.17,1,9.5,4961.83,61,approved
51,69559.18,766,198822.04,1,21.8,5736.86,84,approved
28,27224.17,757,56252.66,2,5.0,2192.12,75,approved
45,67634.02,819,155056.27,0,17.2,5521.37,100,approved
25,31300.21,733,60875.45,1,6.3,2571.78,94,manual_review
40,162308.83,787,833657.35,0,22.0,14135.11,93,approved
36,45964.41,591,168840.98,1,9.3,3711.35,50,approved
25,41518.65,786,219947.73,1,5.8,3493.99,82,approved
43,37087.19,770,63255.73,2,8.6,3006.16,80,approved
36,194527.76,813,304724.16,1,4.8,15714.86,100,approved
30,83391.64,327,161616.26,0,7.2,6632.46,0,approved
38,51642.99,641,108524.61,0,14.6,4402.04,69,approved
48,132573.05,774,283399.29,5,21.0,10519.91,81,approved
26,34501.8,744,130598.56,1,5.8,2812.07,91,approved
62,170063.53,740,381317.01,3,24.4,13739.4,66,approved
59,100549.99,763,642496.57,0,28.0,8071.66,59,approved
64,152737.31,817,311858.4,2,14.7,12402.02,92,approved
41,61496.12,625,107493.93,1,9.0,4935.32,71,approved
62,117846.99,801,227687.34,4,28.5,9903.89,61,approved
56,79466.6,792,316347.28,3,22.5,6686.42,81,approved
65,129244.25,775,592264.93,0,17.7,10866.91,93,approved
39,86594.15,779,163191.72,4,9.6,7431.69,62,approved
23,45757.82,752,97866.83,2,3.8,3673.18,64,manual_review
30,53387.61,832,271839.03,1,5.3,4642.29,100,approved
38,44304.19,713,68612.42,1,13.7,3775.5,62,approved
40,179899.31,816,603681.28,0,16.8,15389.18,94,approved
61,94476.69,768,436744.7,4,24.9,7909.21,76,approved
45,47547.39,580,118034.42,0,12.1,3940.65,43,manual_review
28,39100.82,779,86655.8,3,7.4,3177.7,74,approved
62,131206.21,758,875640.45,3,28.3,10908.92,83,approved
52,57169.67,634,71744.52,1,18.5,4671.86,68,manual_review
34,50570.16,451,83602.91,0,12.8,4414.68,20,approved
46,84309.58,675,238947.72,1,15.9,7140.42,73,approved
64,143980.6,775,556563.37,1,10.8,12593.18,83,approved
23,43300.03,783,105140.84,0,1.7,3488.47,77,approved
25,73440.04,646,117499.66,0,4.1,6375.72,62,approved
58,178733.29,838,630383.25,0,25.7,15150.01,100,approved
27,79301.22,497,143936.09,0,5.8,6506.39,19,approved
22,50480.84,682,97208.75,0,2.0,4176.51,72,approved
22,28285.74,678,45502.12,0,1.6,2388.94,58,approved
22,42192.91,656,202026.23,1,3.4,3344.92,58,approved
25,39018.71,619,69166.94,2,3.7,3358.8,73,approved
54,55959.52,847,150242.42,0,18.4,4594.43,100,approved
54,139988.28,831,598992.2,1,36.0,11821.15,98,approved
62,57548.12,761,215729.77,2,25.7,4627.11,77,approved
63,145499.49,835,475938.2,1,29.8,11752.92,98,approved
43,36515.72,836,79017.9,0,13.1,3000.49,82,approved
23,58713.56,630,80645.58,2,1.6,4932.7,54,approved
38,75392.95,735,229779.3,2,16.3,6432.23,63,approved
40,55470.04,788,185777.35,4,13.1,4479.36,69,approved
47,76757.41,831,284249.86,3,21.2,6551.01,80,approved
50,161095.94,677,196095.0,1,32.0,13554.12,61,manual_review
65,188264.85,781,299245.14,1,29.7,15299.93,94,approved
23,74250.02,797,302573.03,1,3.5,6233.02,83,manual_review
51,52669.45,774,109553.59,3,14.7,4260.52,81,approved
58,181201.05,846,440999.13,1,25.2,15460.59,80,approved
31,49852.12,706,95334.54,2,5.5,4181.1,74,approved
55,87847.96,698,305082.06,0,18.2,7159.34,62,approved
35,171244.67,806,540037.16,3,14.7,13656.36,81,approved
31,48416.12,825,133824.87,1,12.1,4080.75,99,approved
63,68072.32,583,63755.45,2,19.1,5418.98,46,approved
55,71151.47,712,243168.53,1,29.6,6157.45,78,approved
34,117798.67,766,354105.9,3,16.0,9798.9,81,approved
26,27047.34,732,89544.4,2,3.1,2308.81,71,approved
44,75653.89,730,197744.12,3,13.9,6398.23,69,approved
53,59919.99,718,146177.64,5,27.4,5215.14,56,approved
63,62833.02,844,336603.32,2,27.5,5019.68,87,approved
63,70098.72,849,171136.53,1,39.5,5568.44,89,approved
55,134971.06,809,392999.31,1,9.6,11751.13,81,approved
36,56569.76,715,241231.41,4,12.3,4534.18,62,approved
25,61429.26,670,107647.88,2,3.4,5217.25,67,manual_review
47,137542.13,762,300599.64,2,25.2,11996.78,87,approved
25,53159.78,772,173434.78,4,3.2,4232.68,70,approved
57,85821.34,759,232503.46,1,21.9,6831.72,76,approved
60,173074.87,673,504307.63,0,24.5,13729.81,72,approved
34,66421.7,696,191971.19,3,10.9,5749.59,70,approved
49,63889.94,735,208693.42,2,22.1,5496.48,95,approved
59,55348.44,724,198598.83,4,38.6,4670.12,70,approved
40,84816.86,707,212451.11,1,14.7,7091.63,99,approved
30,48622.38,747,64987.2,3,6.0,4194.43,68,approved
56,124337.98,811,301462.14,2,21.4,10075.92,63,approved
53,67768.26,829,131211.48,1,28.5,5770.48,98,approved
56,144104.88,789,272399.22,3,27.0,11796.17,73,approved
36,64640.79,683,169970.01,4,5.1,5284.1,53,approved
52,128802.39,740,296941.58,5,12.8,10725.04,57,approved
24,27512.87,601,55222.81,1,5.0,2227.06,39,manual_review
24,31065.66,694,45441.85,1,3.5,2528.69,60,approved
38,75649.82,726,335379.25,1,5.1,6174.23,68,approved
33,63318.53,699,150340.66,0,5.5,5313.11,74,approved
55,119091.16,806,362361.8,0,19.0,10075.58,91,approved
44,40517.55,838,201426.64,2,14.7,3246.12,100,approved
59,62280.42,811,228019.06,2,8.8,4984.1,92,approved
49,180241.37,744,311289.43,0,17.1,14437.93,86,approved
55,150799.78,842,561551.96,1,21.9,12152.7,100,approved
23,41436.79,778,228984.7,2,1.9,3324.73,85,manual_review
65,138316.54,847,762577.24,1,33.6,11267.23,100,approved
47,115836.47,747,467955.07,0,21.6,9803.15,63,approved
48,181466.52,812,470714.0,0,14.7,15198.68,100,approved
50,95505.62,829,206404.21,0,26.7,7709.37,97,approved
35,78535.99,780,205779.6,2,10.0,6801.95,92,approved
44,106171.65,726,467853.17,2,22.7,8917.32,72,approved
22,44078.74,650,119958.59,0,2.4,3774.08,60,approved
36,38668.59,722,105482.47,1,8.0,3160.98,67,approved
60,96899.63,793,380741.97,4,22.3,7807.49,82,approved
57,49186.42,724,121627.52,0,16.1,3951.88,72,approved
62,47187.73,328,77177.01,1,13.8,3803.41,0,rejected
35,198344.08,754,924676.51,0,8.4,17022.15,72,approved
33,193186.35,730,337179.17,1,12.2,16481.1,70,approved
36,76654.52,757,490774.62,0,13.8,6360.88,81,approved
59,109314.59,715,291793.98,4,30.3,9533.55,65,approved
33,53150.22,588,147354.03,1,8.1,4384.64,64,approved
23,26263.66,737,68229.07,3,2.2,2158.17,59,manual_review
27,68816.59,820,165469.1,2,4.8,5794.53,87,approved
51,182931.86,820,290527.48,0,11.5,15644.27,94,approved
63,74856.79,658,159164.44,4,1.3,6094.09,59,approved
36,64516.01,713,184149.8,5,12.2,5300.39,79,approved
45,167719.57,744,625852.83,1,23.7,13582.11,82,approved
44,137751.09,690,708470.78,1,9.5,10963.61,69,approved
27,37622.34,765,178180.82,4,3.7,3074.51,80,approved
37,54559.91,698,230435.97,0,14.8,4425.87,83,approved
47,159763.02,801,679481.93,2,20.5,12809.81,91,approved
65,95052.93,841,427689.68,1,31.6,8151.83,97,approved
54,60986.32,826,180970.31,1,13.1,5083.53,78,approved
42,38688.71,785,161044.94,0,14.0,3219.32,56,manual_review
33,68397.24,672,277552.38,2,10.1,5482.86,68,manual_review
37,183457.67,676,295565.73,3,10.8,14925.34,54,approved
57,55966.56,722,114775.27,1,18.8,4804.85,66,approved
50,178681.88,825,599609.11,2,16.6,15560.63,98,approved
54,61140.8,703,209607.44,1,0.0,5132.14,70,manual_review
48,109202.86,791,292826.48,0,14.5,8909.46,94,approved
27,40190.4,643,100251.93,1,4.3,3188.82,68,approved
47,77836.77,683,175941.7,0,20.6,6344.86,79,approved
48,81931.44,755,422316.03,2,12.0,6965.81,88,approved
57,161701.06,730,581952.72,1,18.9,13064.09,81,manual_review
29,76326.4,625,246268.1,2,11.0,6352.5,67,approved
40,86822.96,844,227600.07,1,12.8,6918.11,100,approved
38,143872.94,773,368066.37,0,4.5,11594.74,79,approved
27,28980.23,800,150093.29,0,4.7,2448.51,88,approved
50,140624.44,786,633056.46,3,25.4,11931.73,77,approved
47,106893.91,746,471174.18,0,19.6,9022.03,76,approved
24,32675.45,807,92831.61,1,3.8,2683.24,99,approved
39,26828.53,731,37007.84,1,10.8,2188.13,73,manual_review
31,65787.4,621,198626.94,0,9.3,5703.23,60,manual_review
50,114401.62,789,486388.47,3,32.0,9242.64,89,approved
29,63088.6,614,207513.46,1,7.0,5494.86,59,approved
32,65156.52,401,205453.05,2,5.4,5484.6,22,rejected
34,70908.8,472,85425.44,1,5.5,5914.69,30,approved
46,95855.71,616,194073.67,3,8.6,8197.62,45,approved
28,44600.11,718,81570.33,2,6.9,3533.58,76,approved
62,78939.29,827,366986.58,1,22.1,6663.41,100,approved
53,109075.07,645,340688.25,4,24.2,9387.37,50,manual_review
24,74090.74,748,326657.76,2,3.3,6139.0,93,approved
50,195425.08,770,506794.13,1,5.7,15509.57,79,approved
36,81616.65,825,143668.87,1,9.6,7133.55,82,approved
47,74390.47,703,280914.36,2,22.6,5936.07,77,approved
43,196413.69,743,760569.35,3,15.4,16452.41,71,approved
24,38704.03,834,158243.36,4,2.1,3348.93,77,approved
27,35563.55,632,31340.64,2,5.5,2958.44,68,approved
33,39119.71,696,91099.5,3,10.6,3241.62,70,approved
45,183269.28,743,607661.98,3,19.4,15704.42,81,approved
32,83391.35,793,183797.28,2,6.8,7108.95,85,approved
27,63397.68,751,140089.02,4,6.8,5444.26,62,approved
49,121488.23,757,267208.01,0,18.7,9879.73,89,approved
38,51193.66,718,109840.89,1,8.0,4291.78,70,approved
37,32524.59,769,150379.83,4,9.7,2754.32,65,approved
35,171134.89,678,553660.69,3,7.2,13907.56,45,approved
31,77743.73,839,280369.01,0,11.4,6281.28,100,approved
46,98021.59,768,264316.79,3,17.0,8201.82,53,approved
52,145337.32,759,319390.22,2,31.7,12604.22,83,approved
24,39487.73,659,99607.88,0,3.6,3267.92,56,approved
51,56847.07,766,272010.5,2,33.0,4664.64,78,approved
51,89789.06,828,339210.97,2,25.6,7562.84,82,approved
56,72765.27,403,90510.05,1,26.8,5973.85,28,approved
53,128985.71,741,414359.03,1,14.9,10215.58,93,approved
61,64927.95,685,115646.09,0,17.5,5210.71,94,approved
58,68002.82,741,128081.32,3,26.5,5695.06,76,approved
34,85440.48,734,287715.08,0,6.6,6885.85,62,approved
43,83515.67,682,143835.52,1,25.0,7248.58,74,approved
57,80251.9,746,136015.87,2,36.2,6935.12,77,approved
39,67092.86,688,314970.17,2,8.2,5535.18,73,approved
34,63695.49,665,135353.14,0,6.6,5208.62,64,approved
52,48990.54,639,68374.54,1,22.1,4208.1,74,approved
33,84009.78,810,208087.82,0,10.2,7218.61,100,approved
26,51375.8,845,100770.27,0,4.2,4138.73,88,approved
27,29535.17,793,79251.16,0,1.5,2530.5,92,approved
47,111901.12,719,186939.56,1,20.0,9152.53,72,approved
55,134987.99,683,410701.21,0,31.3,11551.33,76,approved
32,65427.32,727,112284.38,1,8.2,5591.79,89,approved
40,157320.41,838,793872.56,1,22.0,12921.59,99,approved
32,48954.93,843,250436.81,3,10.6,3945.84,99,approved
47,48740.8,678,122972.67,1,11.8,4243.55,78,manual_review
41,101906.72,848,436952.22,1,12.9,8738.98,95,approved
64,121690.05,846,630176.63,1,30.6,10516.73,89,approved
63,147860.72,784,256630.91,3,19.0,12725.79,84,approved
44,89632.35,818,238197.39,3,17.1,7734.24,77,approved
31,28735.45,785,79882.79,1,10.9,2358.86,72,manual_review
60,166549.63,583,451420.2,0,17.7,14437.83,59,manual_review
36,56371.53,710,122728.03,3,7.0,4672.13,64,approved
30,43652.96,720,138971.3,1,10.4,3463.26,76,approved
51,80984.5,847,335865.38,2,21.2,6762.36,96,approved
48,145000.47,581,347278.94,0,14.8,12654.87,53,approved
60,140681.22,741,236049.7,2,33.3,11903.97,72,approved
38,31192.01,654,147662.93,0,14.0,2639.42,62,manual_review
31,81731.4,751,351263.63,4,7.2,6822.61,84,approved
47,93102.98,692,232436.98,0,17.9,8103.93,88,approved
30,67865.11,474,100265.55,2,8.8,5726.74,43,approved
55,77910.41,767,339592.01,2,27.6,6372.05,95,approved
27,77714.03,725,333429.83,0,3.9,6383.16,86,manual_review
50,139969.95,750,677354.41,1,13.1,11250.01,88,approved
24,82297.76,818,169121.32,2,2.3,6608.18,95,approved
52,193508.61,843,646662.0,3,10.2,15434.34,85,approved
36,80803.41,842,219284.56,4,8.8,6471.02,80,approved
24,51583.13,797,232496.45,0,4.3,4418.76,90,approved
36,190149.15,732,277872.56,2,12.2,15561.59,74,approved
27,61351.72,721,188687.78,0,4.7,4897.74,78,approved
42,150585.94,679,399179.1,0,15.4,12702.61,65,approved
46,70711.06,792,405962.54,1,17.9,5982.86,80,manual_review
41,131275.26,700,236797.94,1,17.8,11235.73,62,approved
45,113289.97,768,274884.31,0,17.6,9632.35,88,approved
53,48228.34,839,221166.73,0,11.7,4188.63,100,approved
38,115794.05,767,291306.33,4,16.1,9848.9,81,approved
38,66624.44,824,264474.44,1,13.5,5481.64,100,approved
64,119308.84,681,426082.96,0,35.5,9805.96,74,approved
23,44517.42,617,113958.19,0,1.9,3765.38,69,approved
38,67896.31,695,265361.06,2,14.7,5497.8,56,approved
42,119369.27,678,210881.13,1,19.6,10063.08,57,approved
65,71549.37,756,177899.98,0,40.0,5938.66,76,approved
54,194898.54,842,954995.49,0,19.7,16664.81,100,approved
32,199874.04,763,759938.97,1,7.1,16198.47,70,approved
34,165289.99,693,618710.99,0,9.9,13510.35,72,approved
34,58718.66,619,164382.34,1,6.0,4891.42,70,approved
45,55868.3,711,224921.97,3,18.5,4657.38,78,approved
47,114165.8,828,485891.5,1,13.5,9215.02,74,approved
63,59775.31,773,239041.47,1,30.0,5095.15,79,approved
42,53983.3,789,147973.26,3,18.1,4589.16,78,approved
63,154430.59,709,447981.05,3,11.4,12869.96,64,approved
53,161336.04,719,633126.62,3,10.6,13445.08,71,approved
31,82301.44,777,392148.39,1,5.9,7019.13,70,approved
54,52680.65,836,201430.16,0,20.0,4563.36,87,approved
52,106608.91,759,264511.78,1,18.5,8627.51,89,approved
37,43525.6,809,190111.24,0,5.4,3691.11,82,approved
50,122441.83,833,339684.94,1,18.7,9738.05,100,approved
55,53515.77,777,189721.1,1,17.9,4290.13,88,approved
29,71775.42,714,246531.93,2,8.4,5705.17,83,approved
23,61606.54,750,372002.98,4,1.7,5042.63,63,manual_review
24,26873.15,721,102136.42,1,6.0,2197.26,82,manual_review
62,182151.05,813,367115.75,0,11.9,15499.94,87,approved
25,31533.78,604,40655.49,0,3.7,2649.33,55,approved
22,39964.78,806,202054.18,1,2.5,3195.89,99,approved
49,100348.92,849,193023.81,1,11.3,8259.88,100,approved
57,62014.26,721,232538.53,3,15.1,5044.88,81,manual_review
38,159523.64,767,801029.22,1,17.9,13769.44,86,approved
34,157734.3,714,449469.66,1,11.8,12864.3,65,approved
54,85082.44,808,170036.58,1,35.2,6901.31,83,approved
58,113475.97,789,427370.07,1,21.2,9209.73,100,approved
23,33237.05,701,67631.11,4,1.1,2868.56,72,manual_review
22,43117.0,767,177312.77,1,2.1,3561.16,80,manual_review
39,119011.58,764,197816.09,1,17.1,9828.89,73,approved
53,62202.21,814,267448.62,3,28.2,5235.2,87,approved
43,34144.61,731,61885.85,3,13.0,2732.89,71,manual_review
56,166196.68,755,435703.52,2,13.7,14382.84,85,approved
44,163168.47,785,563198.17,1,21.9,13524.99,96,approved
24,79539.66,749,213429.45,3,2.2,6841.6,96,approved
27,27902.11,797,93364.87,3,8.9,2439.55,85,approved
59,161975.06,807,406130.14,3,29.5,12875.12,83,approved
47,45757.11,555,48553.9,1,16.3,3756.66,45,approved
53,174930.21,822,589009.42,3,25.4,15003.46,80,approved
37,74417.46,693,186591.74,0,8.1,6505.98,61,approved
23,62926.83,753,213966.61,3,2.4,5336.76,89,approved
41,53542.69,516,129879.05,0,8.5,4605.41,61,manual_review
48,197669.45,672,292991.27,1,23.3,16810.24,66,approved
53,126211.69,714,210198.4,3,22.8,10336.5,77,approved
41,62423.57,720,142741.95,3,11.3,5298.66,47,approved
38,136513.52,764,300475.41,1,14.9,11774.72,92,approved
45,94549.46,700,316907.01,3,17.2,7945.9,54,approved
57,120099.67,833,413313.27,1,30.0,9916.47,100,approved
42,71197.64,670,282409.27,3,15.7,5711.79,60,manual_review
26,61165.94,820,197818.12,0,6.3,5047.6,79,approved
46,71888.03,659,194514.33,2,12.9,5754.4,72,approved
40,60052.47,673,146608.94,1,12.2,5097.22,57,manual_review
27,52921.24,585,43969.74,0,5.2,4572.53,51,approved
31,59029.49,774,245936.7,2,6.0,5012.1,89,approved
47,50081.34,607,98128.65,0,12.1,4030.57,57,approved
33,103758.19,693,457856.06,1,9.9,8359.68,73,approved
53,165814.9,831,569128.31,2,23.1,13337.95,100,approved
58,76633.99,835,309323.43,1,21.8,6197.29,98,approved
52,188673.15,608,378210.94,2,14.8,15874.74,55,approved
50,143619.58,763,747841.36,1,23.0,11401.54,100,approved
33,162312.07,822,378988.67,3,9.8,13440.73,89,approved
62,112630.2,710,461923.79,5,23.9,9633.88,66,approved
24,30973.44,784,62539.03,1,4.0,2673.46,80,approved
40,188916.06,682,507806.87,0,18.5,15630.7,79,approved
42,77863.11,682,248306.95,4,9.7,6467.67,72,approved
64,180838.43,792,963083.82,2,23.7,15025.37,100,approved
62,156109.83,680,541986.92,1,34.6,12927.24,64,approved
56,68485.31,653,216761.45,2,19.3,5742.71,54,approved
26,43630.7,707,57747.03,1,6.4,3619.34,64,manual_review
56,76016.38,784,147747.75,2,14.5,6112.9,86,approved
26,42430.14,498,74337.45,0,3.6,3375.41,48,manual_review
36,61648.68,641,99443.09,3,7.7,5170.82,46,manual_review
36,128927.71,816,443110.88,4,17.3,11240.55,90,approved
37,76278.1,614,107354.16,0,15.0,6350.15,68,approved
62,52248.72,806,166533.06,4,19.8,4340.41,78,approved
65,161488.82,786,1047774.01,1,40.0,12941.11,98,approved
60,55088.1,846,153063.58,3,22.8,4571.08,84,approved
30,83745.55,614,85474.59,1,1.5,6913.62,63,approved
59,160802.89,770,513825.68,1,28.2,13806.33,87,approved
42,55279.67,764,193854.39,2,4.9,4821.04,93,approved
49,60510.57,688,170776.01,0,17.8,5224.62,69,approved
40,41092.83,649,60974.75,1,10.3,3526.29,60,approved
32,58910.8,778,246858.82,2,11.4,4869.16,100,approved
62,58172.21,709,266864.11,1,14.3,5042.99,73,manual_review
49,182568.04,633,355594.78,3,20.3,14874.77,51,approved
56,154748.91,788,403909.56,1,26.9,12799.03,94,approved
33,75718.67,824,270345.09,1,8.6,6065.13,95,approved
40,67166.79,781,289769.69,1,11.1,5416.71,86,approved
37,68757.62,615,250553.5,4,11.4,5961.52,70,approved
60,115337.7,626,267153.03,4,21.6,9713.13,42,approved
54,65176.84,769,295754.85,2,28.5,5196.66,94,approved
29,72309.09,782,258886.54,3,7.6,6292.46,77,approved
31,63166.7,737,113567.81,0,7.2,5206.56,63,approved
33,27471.45,470,55978.53,0,5.4,2219.8,31,approved
60,71854.72,793,277394.81,3,15.0,5786.94,69,approved
43,83947.69,723,324664.09,0,18.0,6882.99,75,approved
63,95093.89,792,377467.36,0,40.0,7574.06,89,approved
22,31779.88,454,41875.73,0,2.8,2715.28,21,approved
35,71184.85,774,220743.89,2,15.7,5847.39,82,approved
32,152093.53,715,435712.44,3,10.3,12051.21,47,approved
34,112821.69,800,362563.53,4,13.4,9620.36,80,approved
30,133308.31,746,624611.48,1,6.9,11058.18,89,approved
29,37981.61,733,52319.98,2,7.8,3049.28,75,approved
52,192911.58,827,351628.19,0,23.2,15844.81,91,approved
48,141792.41,592,203043.31,1,10.7,11605.8,53,approved
41,164048.06,680,218560.93,0,16.1,13572.41,47,approved
53,169523.04,729,415716.1,2,22.6,14606.09,89,approved
64,71704.07,777,206124.85,3,13.1,5729.16,71,approved
43,198514.47,756,1064818.76,0,12.9,16375.07,83,approved
63,136811.7,629,305604.82,1,20.4,11585.13,66,approved
22,30306.26,493,52976.94,1,1.6,2562.24,32,manual_review
33,179068.25,754,574624.4,1,6.2,14480.23,97,approved
36,58623.04,709,104953.39,2,13.9,4884.34,61,approved
49,128925.17,746,314266.69,1,6.6,11277.72,79,approved
37,165778.02,798,551402.94,1,16.1,13315.1,100,approved
49,147919.68,608,316724.52,4,18.7,12419.77,54,approved
37,77987.25,734,144184.39,3,16.5,6410.97,77,approved
33,58518.8,692,122831.85,1,11.4,5000.89,80,approved
39,37028.21,805,187092.05,4,7.0,3070.59,77,manual_review
22,39087.06,754,147658.36,2,2.2,3108.01,54,approved
51,187932.67,796,787053.16,2,22.0,15529.17,91,approved
31,57916.04,712,264789.06,0,8.5,4780.44,89,approved
23,35869.4,679,75807.83,0,1.9,2987.94,58,approved
30,56079.91,694,141570.01,0,4.5,4501.38,64,approved
58,76917.73,740,153557.51,1,37.2,6364.51,89,approved
26,41863.56,684,75342.81,1,4.6,3603.21,82,approved
24,76676.26,732,156087.49,0,4.9,6672.11,87,approved
61,130140.51,726,336114.12,2,28.5,10792.34,89,approved
24,59686.95,328,125557.41,1,4.5,4972.03,4,manual_review
58,70341.41,690,147889.38,1,19.0,6020.53,61,approved
36,58231.8,648,141783.01,1,6.9,4991.59,74,approved
37,56611.35,741,208050.68,1,17.0,4519.37,72,approved
35,63694.29,786,248204.87,1,12.6,5556.82,87,approved
24,65206.63,748,106661.38,2,3.6,5299.35,64,approved
46,154249.41,786,410967.46,1,11.5,13429.38,88,approved
38,145963.29,612,348268.97,0,7.3,12433.76,41,approved
30,47331.89,837,186954.73,2,8.0,4087.86,95,approved
49,105655.0,809,322046.4,2,19.4,8464.26,100,approved
53,135965.71,790,502765.25,3,24.7,10854.43,91,approved
28,43982.25,811,66168.87,1,5.4,3748.38,75,approved
63,78660.63,387,101926.58,0,23.9,6235.56,18,approved
63,173565.1,727,633051.12,1,29.1,13752.35,74,approved
41,179632.13,718,389534.88,1,23.0,14655.95,69,approved
41,50388.63,650,106554.41,0,14.0,4361.79,61,approved
48,124296.87,741,622580.64,1,21.1,10602.15,80,approved
44,51748.07,710,87998.13,1,21.6,4375.09,65,approved
30,188413.79,740,379078.9,0,8.3,15208.63,69,approved
26,34294.5,676,101740.93,4,2.6,2986.63,62,approved
64,93725.24,776,381001.57,1,20.0,7567.55,96,approved
60,63580.49,808,260403.67,2,19.8,5222.86,100,approved
30,36863.12,610,42985.34,1,9.6,3025.22,56,manual_review
22,49276.79,718,86368.92,3,3.5,4142.05,80,approved
47,141302.57,730,494731.85,1,8.6,11370.01,73,approved
56,101619.25,735,279753.29,0,17.3,8725.88,70,approved
39,55516.97,704,133720.69,1,12.7,4553.83,85,approved
25,72988.52,660,352349.77,4,2.2,5841.74,60,approved
34,67505.64,765,397474.09,5,5.3,5475.57,71,manual_review
59,64343.72,758,282832.85,1,23.6,5164.74,79,approved
29,64143.35,794,316877.77,4,7.5,5277.6,76,approved
45,53771.81,786,143996.6,2,22.0,4460.96,79,approved
51,139796.28,782,277154.26,4,20.5,11154.18,72,approved
24,36040.36,646,88145.36,3,4.9,3012.97,55,approved
31,50636.16,637,82449.5,0,6.5,4186.66,63,manual_review
50,51516.66,708,148131.89,0,28.9,4325.37,75,approved
40,72454.66,386,104571.2,0,11.0,6121.1,24,manual_review
34,68008.33,812,238738.21,0,5.3,5429.14,100,approved
36,109674.0,784,399348.16,0,15.4,9583.71,100,approved
52,61410.77,660,89666.99,1,8.9,4882.8,66,approved
22,30057.1,671,110351.7,1,2.5,2445.78,74,manual_review
51,62167.62,687,114961.18,0,19.6,5229.2,75,approved
58,153543.47,761,610013.44,2,20.1,12607.2,98,approved
39,45484.99,643,47069.32,3,4.7,3829.7,69,manual_review
33,77608.26,635,254352.37,0,13.1,6148.38,60,approved
27,38310.19,836,73907.33,1,2.4,3238.41,84,approved
59,68963.97,585,149870.06,2,16.7,5673.58,57,approved
37,36050.07,597,131084.38,2,6.0,3151.54,45,manual_review
57,139460.49,794,724042.26,4,26.3,11439.86,77,approved
55,66728.8,445,176159.36,0,27.7,5636.88,23,approved
60,45124.87,677,224133.25,2,32.4,3750.17,55,approved
25,35248.57,762,121095.21,0,4.3,2864.33,66,approved
48,148247.58,773,478150.02,0,22.4,12620.2,85,approved
41,69641.54,631,200388.88,1,3.0,5899.3,53,approved
60,122390.29,788,631841.88,3,22.1,9816.33,62,approved
35,47158.79,781,86422.49,1,11.6,3968.38,85,manual_review
31,25570.4,800,145805.15,0,12.2,2181.17,93,approved
64,144711.08,800,412488.35,2,32.5,11817.58,83,approved
37,165447.61,770,496025.41,1,10.7,13286.71,100,approved
29,42547.49,793,84739.63,5,5.7,3658.52,95,approved
28,44569.89,708,76033.26,1,6.8,3772.02,89,approved
38,64472.28,848,169915.83,1,6.7,5327.7,100,approved
44,73121.27,688,104809.63,1,26.0,6100.69,69,approved
35,81637.11,800,321992.0,2,12.9,7136.7,79,approved
59,135002.18,677,446217.06,0,22.3,11182.82,63,approved
28,60903.67,786,320349.8,2,5.9,5219.41,83,approved
29,30153.14,618,95051.17,1,4.5,2420.07,52,manual_review
36,65755.58,625,87098.87,0,10.7,5338.49,37,approved
60,113800.99,816,172838.85,0,30.3,9149.15,93,approved
29,84432.27,754,219759.9,2,6.4,7188.39,74,approved
42,182888.85,792,656609.07,4,18.4,15836.39,72,approved
58,175896.86,688,757432.87,1,24.3,14676.53,66,approved
39,45676.85,688,136410.31,1,14.4,3808.7,66,approved
62,68515.43,791,342789.28,2,29.3,5472.1,87,approved
51,62293.36,804,247667.15,1,15.3,5410.3,72,approved
36,199014.64,808,461100.61,2,16.7,17340.01,89,approved
56,147580.95,687,261033.1,3,30.3,12591.71,47,approved
42,134117.25,744,444236.71,1,12.3,11500.74,68,approved
39,68198.48,493,96208.42,2,4.9,5493.62,24,manual_review
55,64683.27,751,216337.92,3,19.8,5274.21,79,approved
28,80510.14,843,367817.46,1,6.9,6375.16,82,approved
54,68660.38,743,127179.06,3,12.2,5574.65,74,approved
42,187722.16,827,380657.01,2,15.6,15872.54,96,approved
53,130471.58,828,736998.6,0,10.5,10374.63,100,approved
57,165246.66,698,428997.91,0,20.2,13852.22,77,approved
64,80577.87,833,324007.37,2,21.0,7043.84,100,approved
59,124519.44,688,351909.27,2,21.6,10122.82,54,approved
60,45809.45,769,192717.31,4,10.9,3827.09,73,approved
55,156661.95,834,727446.58,1,18.2,12674.42,88,approved
64,78436.38,826,390442.41,0,25.5,6301.82,88,approved
55,119274.8,310,233041.66,2,7.9,9468.78,9,manual_review
46,159398.87,776,716971.92,2,6.1,13341.95,92,approved
51,151993.69,731,512145.71,2,26.6,12071.82,64,approved
38,92637.2,691,261829.96,2,16.9,7581.35,74,approved
40,68335.45,770,181610.31,3,3.5,5469.58,79,approved
62,191780.04,777,725326.9,1,30.3,16533.71,91,approved
54,80775.32,640,135119.26,0,20.4,6715.9,89,approved
58,165521.65,775,389616.66,1,11.9,13229.41,80,approved
55,195729.17,607,401969.83,3,28.1,16581.84,38,manual_review
39,69590.84,848,229656.52,3,10.7,5888.31,79,approved
26,78902.76,794,176932.72,3,5.9,6718.09,60,approved
43,82382.32,771,280491.31,2,16.2,6828.2,97,approved
30,55361.57,415,95978.96,0,4.0,4595.83,16,manual_review
65,194749.78,720,513531.32,1,19.2,16130.88,67,approved
63,53985.55,843,178854.46,0,16.6,4306.0,96,approved
26,48756.4,758,206461.49,0,4.0,4164.51,92,approved
39,111575.23,792,289080.95,1,15.1,9478.09,75,approved
26,79262.73,724,170950.77,1,3.1,6370.81,80,approved
61,185872.81,822,763636.11,1,25.1,14738.73,99,approved
40,61314.4,753,219714.62,2,18.8,5260.41,72,approved
26,29045.46,580,77547.23,2,8.0,2372.28,59,manual_review
46,80899.32,825,309258.41,1,23.1,6696.61,100,approved
26,32024.34,743,47616.42,5,6.1,2786.74,91,approved
46,165535.23,699,653615.97,0,20.4,13786.38,89,approved
62,83769.62,674,272062.95,1,24.0,7303.08,81,approved
29,56663.07,656,199541.7,3,6.4,4763.2,69,approved
50,166503.79,726,349996.62,4,22.6,14022.55,68,approved
37,198880.55,836,579361.96,3,18.1,16155.1,84,approved
41,164872.33,689,629068.02,0,19.5,14177.96,83,approved
31,65575.33,724,163215.1,2,6.7,5549.99,73,approved
32,77275.97,687,113200.06,1,10.0,6516.92,75,approved
51,133333.38,791,340139.52,1,14.6,11515.14,96,approved
30,57800.44,716,119696.44,4,6.7,4603.87,86,approved
55,140817.82,792,478147.07,0,18.9,11342.73,97,approved
40,43453.63,549,104139.65,0,12.6,3760.13,27,approved
52,182660.2,791,725654.6,4,28.2,15007.74,93,approved
52,101167.26,833,272052.84,0,13.3,8846.77,100,approved
50,165820.03,660,442667.46,1,18.2,13796.88,72,approved
43,30346.59,706,94105.43,4,12.1,2419.88,50,approved
36,66573.93,806,188034.94,1,12.6,5600.8,85,approved
49,178507.08,588,349529.54,0,15.7,14204.89,50,approved
47,66912.46,752,207408.55,0,25.5,5331.35,79,manual_review
40,37933.46,839,130548.37,1,2.0,3015.71,100,approved
25,59487.15,746,148914.83,2,5.1,5100.69,77,approved
34,131374.95,847,332520.92,4,3.9,10526.23,100,approved
33,56525.98,716,158021.42,0,12.5,4740.27,73,approved
65,76283.6,808,174983.66,1,40.0,6509.23,100,approved
24,26233.61,623,90620.09,3,2.7,2095.62,66,manual_review
30,39476.06,839,193408.02,2,10.0,3317.25,100,manual_review
65,106697.31,783,433571.72,1,19.7,9143.64,86,approved
46,81460.61,809,292061.5,1,15.8,6475.06,91,approved
52,64742.91,755,113043.82,3,16.5,5285.56,55,approved
24,34228.02,628,70917.31,0,4.2,2901.1,48,approved
42,83839.01,828,338076.48,4,8.1,6638.01,72,approved
51,187914.72,752,385802.2,1,23.6,16337.12,71,approved
36,27947.29,731,37411.55,1,13.7,2360.09,70,manual_review
23,39614.14,303,78857.87,0,3.5,3287.34,2,rejected
35,27163.21,702,100412.86,4,11.7,2365.82,57,approved
58,73274.91,748,275523.25,0,28.6,6268.74,79,approved
49,79367.29,697,350467.84,1,7.4,6395.61,78,approved
22,44286.76,715,172359.52,0,2.2,3513.0,74,approved
64,133262.31,817,357763.95,4,13.3,11573.53,81,approved
50,184873.2,758,694477.7,0,17.1,15222.13,70,approved
52,71101.08,786,282998.47,3,19.5,5779.26,76,approved
27,41951.48,768,104231.11,3,5.2,3632.29,73,approved
48,145978.47,813,543437.37,2,16.8,12702.44,99,approved
41,100020.24,831,266319.18,1,13.3,8657.51,93,approved
60,188043.26,741,490507.84,0,17.6,16237.18,51,approved
55,101399.01,758,474840.14,1,17.1,8359.04,93,approved
32,74044.24,727,198016.83,1,5.9,6234.17,83,approved
31,82729.37,780,206943.75,3,5.1,7216.87,77,approved
42,124205.39,789,281230.2,0,17.7,10747.25,85,approved
50,157185.55,748,399238.69,3,21.1,13372.98,85,approved
61,108007.67,678,224973.96,1,27.8,9255.45,53,approved
47,96726.36,701,151064.59,2,19.2,7900.61,90,approved
30,67592.51,841,228961.14,3,8.6,5419.96,97,approved
24,28762.94,787,87802.92,2,4.6,2401.83,70,approved
51,143657.96,693,447827.04,1,19.6,12406.13,70,approved
25,28021.82,687,60731.72,0,4.1,2433.85,73,manual_review
52,112483.46,736,262432.36,3,19.8,8928.38,64,approved
57,154212.9,767,471365.44,1,26.5,12564.55,89,approved
49,179429.22,782,414861.93,0,3.2,14607.87,83,approved
36,172642.47,743,631667.66,1,14.8,13909.98,91,approved
38,81219.58,361,128108.11,1,8.4,6639.41,6,approved
50,98615.64,804,247788.95,2,8.9,8174.35,76,approved
28,37720.81,849,170934.62,2,5.4,3104.18,92,approved
23,55109.71,678,165925.31,1,2.6,4759.94,74,approved
27,38977.72,840,196081.44,3,5.4,3174.88,80,manual_review
61,45223.77,368,129760.53,1,30.5,3623.29,14,manual_review
27,41331.51,831,224299.43,2,5.4,3426.21,100,approved
63,53848.86,815,242464.34,2,24.6,4320.21,100,approved
49,170024.6,753,753550.77,3,15.3,14059.67,76,approved
61,84726.83,805,164908.34,0,31.7,7220.12,86,approved
23,67818.32,420,98175.87,3,2.3,5700.49,7,approved
51,173741.83,826,595298.27,2,17.6,13899.44,95,approved
59,70042.38,570,153084.36,3,31.4,6084.76,20,approved
32,75325.17,800,252026.23,4,12.2,6471.12,91,approved
41,46330.18,593,52509.27,0,7.0,4010.05,27,approved
30,29876.78,629,27361.38,2,6.7,2464.33,47,approved
25,71522.52,676,291395.57,4,6.0,5901.81,61,manual_review
58,190217.17,843,852288.8,1,21.9,16640.49,100,approved
35,72593.65,744,149734.1,1,10.1,5845.38,76,approved
43,52515.6,721,72351.87,0,10.5,4319.43,81,approved
64,182330.11,796,930304.72,4,24.9,15210.9,75,manual_review
45,75071.96,608,122509.41,2,27.0,6185.4,55,approved
30,36457.18,699,65376.07,2,5.0,3180.22,76,approved
55,84105.29,657,170865.46,3,25.8,6873.73,58,approved
62,197613.55,816,414725.56,3,32.4,17103.33,85,approved
50,65405.54,741,130389.2,2,7.3,5383.28,79,approved
33,69940.31,728,137002.92,2,9.6,5801.14,89,approved
61,71014.62,784,212395.43,3,27.1,5923.73,86,approved
30,70478.3,803,287148.58,1,4.9,5824.98,100,approved
34,151805.1,743,364455.37,0,15.8,12284.88,90,approved
30,74620.76,817,115262.06,3,10.2,6118.84,86,approved
36,172277.17,699,627504.68,0,7.3,13905.57,86,approved
35,31683.93,685,73467.33,1,13.2,2661.26,64,manual_review
59,75514.22,746,288250.23,2,18.1,6514.51,100,approved
29,34748.81,487,27204.8,0,5.8,2923.57,28,manual_review
24,41061.89,762,81907.31,1,2.3,3251.2,95,manual_review
34,77383.49,728,266449.89,2,3.5,6460.59,64,approved
62,153226.18,734,393201.28,1,27.8,12882.23,89,approved
29,84017.53,843,354217.27,3,3.7,7305.2,90,approved
31,64645.64,745,94926.34,0,8.0,5294.67,80,approved
29,59221.74,595,73605.68,0,2.9,4847.58,51,approved
57,47118.92,846,68695.91,0,24.8,3765.82,99,approved
22,38873.68,709,154276.87,1,2.0,3387.43,61,approved
22,32264.92,678,130554.96,0,2.1,2802.76,83,manual_review
32,74145.69,798,298616.51,2,8.8,6002.03,95,approved
53,114488.11,824,403083.58,0,27.4,9635.3,100,approved
65,104825.56,830,273382.36,1,24.3,8892.42,78,approved
26,80759.51,844,153595.3,2,4.3,6398.98,100,approved
50,195004.85,746,680174.78,2,19.9,15743.96,81,approved
54,92712.78,747,376126.45,0,12.4,7344.14,87,approved
52,101708.55,785,170955.85,2,24.4,8337.84,82,approved
61,182689.96,828,1017560.37,4,32.4,14714.65,85,approved
23,63053.44,813,313969.27,4,1.6,5350.48,80,approved
55,146280.47,757,379796.43,0,24.6,12239.44,66,approved
33,59666.69,821,259389.76,1,9.5,4798.42,85,manual_review
45,47520.67,671,125825.23,1,19.5,3888.1,61,approved
34,35157.24,834,153023.83,3,8.2,2873.63,82,approved
24,82064.0,832,277083.28,1,3.0,7031.15,93,approved
51,72260.58,684,152687.12,0,12.1,5946.04,79,approved
23,29525.39,725,55286.72,1,3.7,2388.38,82,approved
65,71703.36,795,158922.86,1,16.2,5810.86,100,approved
60,175040.14,730,480998.69,3,17.8,14781.12,61,approved
26,27988.64,715,39545.71,1,4.1,2383.96,77,manual_review
46,87257.71,820,448922.1,0,15.3,7289.92,100,approved
48,72127.3,819,121158.82,2,26.4,6178.37,98,approved
34,60513.8,651,188013.89,2,13.0,5252.13,70,manual_review
64,48588.32,769,244393.04,1,23.5,3957.99,69,approved
25,41413.51,711,123881.74,3,2.7,3587.62,70,manual_review
22,82625.46,691,373523.01,1,3.5,6706.66,78,approved
57,51594.27,654,164254.95,2,23.3,4206.79,72,approved
61,47444.92,842,147634.87,4,18.3,4090.12,92,approved
64,124856.47,837,227539.7,0,32.2,10218.73,96,approved
33,104209.62,678,244267.2,3,6.8,8632.34,67,approved
65,169417.36,788,485854.88,2,29.5,14431.76,88,approved
32,64053.04,470,123739.17,0,10.1,5287.97,24,approved
33,48387.05,845,244318.76,4,6.9,4112.19,80,manual_review
55,94599.27,582,177861.46,2,34.2,7933.21,56,approved
36,27741.36,315,54684.2,2,8.5,2348.0,0,rejected
50,83987.6,691,303916.01,3,4.6,6762.11,77,approved
63,172666.66,780,506034.77,0,19.6,14960.53,66,approved
27,39999.81,613,84509.01,0,5.0,3291.59,82,approved
50,64252.42,756,90060.42,1,22.2,5403.89,87,approved
44,199886.09,748,324416.62,2,12.0,17145.51,71,approved
24,38762.21,822,232948.51,1,5.9,3237.6,100,approved
52,61431.08,826,280904.5,1,20.6,5034.39,87,approved
47,144963.53,817,709066.18,2,10.9,11692.16,87,approved
65,156827.3,757,650640.05,3,40.0,13071.01,85,approved
40,36233.44,719,102319.8,1,12.1,3015.53,63,approved
35,77524.81,792,410484.25,4,11.1,6494.48,90,approved
59,163344.4,781,491739.78,1,11.9,14181.17,83,approved
38,123925.26,782,246854.02,0,17.3,10387.05,85,approved
62,164983.01,751,327414.83,0,31.1,13890.67,87,approved
59,156798.59,704,459259.81,3,20.6,13623.46,47,approved
41,62747.13,803,141374.38,3,16.5,5153.39,82,approved
30,38783.14,848,161820.46,0,6.8,3122.35,100,approved
43,197376.03,791,507361.25,2,17.0,17193.58,83,approved
22,30988.26,603,79272.58,1,1.5,2647.63,63,approved
61,159142.44,708,753988.59,2,24.3,13900.2,68,approved
65,68096.38,681,290708.16,2,17.2,5478.35,84,approved
42,79495.22,628,271610.44,2,10.8,6923.07,59,approved
40,48960.78,775,306633.65,1,17.1,3988.01,80,approved
45,59085.54,726,160204.41,1,13.3,5054.88,70,approved
22,35848.92,810,59780.97,0,3.0,3033.66,100,approved
44,128313.58,741,461520.36,2,18.5,10439.62,77,approved
34,27245.46,735,74161.46,2,7.1,2295.6,64,manual_review
25,56964.65,752,185669.33,3,4.0,4768.06,93,approved
34,74368.73,764,113328.35,1,13.1,6071.77,80,approved
50,61864.79,738,166597.66,1,10.4,5119.86,77,approved
36,25096.0,708,119758.42,2,3.0,2159.29,75,manual_review
46,157628.65,703,755647.0,0,16.7,12754.47,68,manual_review
30,73643.68,604,160016.73,1,3.6,5858.74,51,manual_review
37,64347.22,766,124259.44,1,15.0,5275.74,81,approved
30,73675.37,736,296004.59,2,5.2,5845.8,90,manual_review
47,192215.15,748,439386.6,0,14.4,16661.0,87,approved
29,29688.11,677,75518.69,0,6.1,2486.2,78,approved
46,66457.18,830,365962.81,2,24.1,5612.19,92,approved
25,27522.32,645,79271.51,0,3.8,2335.59,60,approved
56,83436.7,691,268231.56,3,8.8,6959.94,46,manual_review
59,59562.51,766,119776.43,3,9.7,5178.99,78,approved
48,131698.77,801,514429.78,2,26.0,11409.33,100,approved
23,36343.29,848,72945.46,3,3.0,3069.33,87,approved
63,104986.87,692,151997.27,3,19.8,8513.68,59,approved
55,78614.46,599,189948.41,0,28.3,6248.0,57,approved
25,60358.41,748,191966.89,2,3.5,4881.48,75,approved
48,130302.29,752,658686.32,0,6.7,10725.0,81,approved
65,153558.72,808,295765.9,3,22.3,12695.06,94,approved
45,112019.08,749,213857.47,1,21.1,9424.48,100,approved
27,40868.83,574,40052.58,1,4.3,3530.1,49,manual_review
58,88889.45,786,345117.28,4,34.2,7640.69,86,approved
23,40926.92,710,127785.32,4,5.0,3408.85,75,approved
25,42148.3,729,127445.8,1,2.1,3628.66,72,approved
60,79592.15,696,175069.86,0,12.0,6475.28,79,approved
58,73166.19,792,232514.1,0,21.8,5824.43,96,approved
35,67244.62,699,265438.19,1,4.1,5450.61,97,approved
33,162297.1,679,367779.95,2,8.4,13124.78,49,approved
33,186106.27,764,345640.81,1,6.7,15594.17,83,approved
38,151639.62,691,746275.78,0,14.5,13124.09,63,approved
61,87045.29,622,188941.02,3,25.1,7107.39,65,approved
41,53876.62,746,114824.27,1,21.6,4469.09,87,approved
35,50766.53,814,186633.99,2,3.0,4269.2,100,approved
28,63849.47,822,221753.77,3,7.2,5206.34,67,manual_review
30,140409.45,743,242615.74,1,9.5,11740.86,68,manual_review
22,43937.35,600,127231.65,3,2.7,3525.66,38,approved
30,82477.49,549,99979.38,0,4.9,6743.25,42,approved
57,57725.3,839,263721.79,0,19.1,4918.2,92,approved
52,160187.54,692,424621.11,2,24.7,14006.82,61,approved
22,48055.69,438,109639.21,2,1.7,4132.5,20,approved
51,106932.48,788,545529.94,3,17.0,9150.08,87,approved
56,75741.52,726,264289.06,4,17.5,6491.59,64,approved
35,153408.38,800,477284.64,2,11.8,12191.66,100,approved
29,41995.06,726,183795.2,0,6.4,3367.4,86,approved
23,26482.38,430,81115.23,0,3.2,2184.5,27,manual_review
40,78240.48,592,169589.39,3,12.0,6730.13,47,approved
55,131950.68,757,651296.23,3,18.4,10782.35,65,approved
43,145664.82,683,269831.34,0,18.5,12633.08,96,approved
29,43379.59,740,158707.46,2,6.8,3508.19,80,approved
54,60445.3,588,149609.53,2,20.6,5047.68,47,approved
23,41974.73,631,141215.24,1,3.2,3633.65,59,approved
32,61631.82,836,102385.81,2,11.9,4910.96,89,approved
55,72162.76,765,153291.94,0,30.5,6231.03,86,approved
53,79028.31,745,160669.26,2,20.2,6333.49,84,approved
44,76338.74,829,342076.67,1,8.2,6327.23,100,approved
39,58286.94,355,96399.99,2,10.1,4669.38,15,approved
24,29028.46,586,49049.56,0,3.2,2383.89,52,approved
44,192137.3,834,857212.24,0,20.1,15750.22,100,approved
59,59028.09,710,62833.54,2,19.6,4844.29,87,approved
63,153302.81,807,566257.9,1,19.4,12155.75,82,approved
29,31606.9,683,78359.36,1,9.1,2507.56,67,manual_review
40,195876.77,787,517249.77,2,20.3,15850.75,86,approved
30,31519.58,682,56816.26,4,4.8,2705.59,70,approved
